Date,Credit Spread,Excess Spread,CFETS Valuation,Sentiment Value
2019-06-18,226.135,142.28,5.43405,0.5
2019-06-19,229.885,142.345,5.4583,0.5
2019-06-20,229.63,142.665,5.4305,0.5
2019-06-21,230.595,144.11,5.4359,0.5
2019-06-24,228.63,144.35,5.4318,0.5
2019-06-25,231.305,145.27,5.448,0.5
2019-06-26,233.16,145.0,5.44955,0.5
2019-06-27,233.285,144.54,5.4403,0.029376461276375387
2019-06-28,236.135,145.57,5.45455,0.5
2019-07-01,235.045,145.47,5.43175,0.5
2019-07-02,239.545,145.52,5.43515,0.5
2019-07-03,241.24,145.69,5.42845,0.5
2019-07-04,238.08,145.27,5.3932,0.5
2019-07-05,237.83,145.585,5.407,0.5
2019-07-08,239.145,145.7,5.41895,0.5
2019-07-09,227.855,135.315,5.30725,0.5
2019-07-10,225.485,135.405,5.30665,0.5
2019-07-11,227.18,135.865,5.30815,0.7143431215782303
2019-07-12,227.61,135.825,5.3086,0.5
2019-07-15,225.03,135.135,5.2909,0.5
2019-07-16,226.97,135.685,5.30775,0.5
2019-07-17,229.885,137.59,5.3258,0.5
2019-07-18,231.805,136.025,5.33765,0.5
2019-07-19,233.605,136.505,5.34505,0.5
2019-07-22,233.615,136.295,5.3265,0.5
2019-07-23,232.345,136.255,5.31195,0.5
2019-07-24,232.725,136.415,5.31305,0.5
2019-07-25,232.835,136.84,5.3156,0.5
2019-07-26,231.455,136.085,5.3028,0.5
2019-07-29,231.48,136.885,5.3007,0.5
2019-07-30,228.855,136.15,5.2791,0.5
2019-07-31,228.98,135.655,5.2614,0.5
2019-08-01,228.04,136.02,5.24615,0.5
2019-08-02,225.165,135.525,5.20065,0.5
2019-08-05,226.36,136.255,5.1966,0.5
2019-08-06,224.62,136.77,5.1939,0.5
2019-08-07,223.825,137.295,5.1929,0.5
2019-08-08,226.675,136.725,5.17565,0.5
2019-08-09,226.775,136.87,5.17305,0.5
2019-08-12,223.54,136.985,5.1642,0.5
2019-08-13,203.9,110.2,4.8257,0.5
2019-08-14,205.49,109.94,4.8783,0.5
2019-08-15,199.87,110.13,4.8824,0.5
2019-08-16,201.51,109.8,4.9412,0.5
2019-08-19,197.38,110.13,4.9435,0.5
2019-08-20,193.96,110.02,4.9187,0.5
2019-08-21,191.44,109.34,4.9116,0.5
2019-08-22,191.6,109.62,4.9215,0.5
2019-08-23,192.31,109.3,4.9281,0.5
2019-08-26,192.08,109.91,4.9189,0.5
2019-08-27,192.23,109.74,4.929,0.5
2019-08-28,193.07,109.67,4.937,0.5
2019-08-29,191.94,110.12,4.9362,0.5
2019-08-30,188.49,109.51,4.9205,0.5
2019-09-02,188.23,109.61,4.9373,0.5
2019-09-03,187.56,109.9,4.9243,0.5
2019-09-04,189.84,110.03,4.9463,0.5
2019-09-05,191.08,110.37,4.9322,0.5
2019-09-06,192.57,110.57,4.9317,0.5
2019-09-09,190.68,110.1,4.9273,0.5
2019-09-10,190.08,109.95,4.9263,0.5
2019-09-11,191.96,110.08,4.9349,0.5
2019-09-12,193.84,110.28,4.9586,0.5
2019-09-16,192.94,110.48,4.939,0.5
2019-09-17,193.21,109.79,4.9413,0.5
2019-09-18,192.76,109.34,4.9461,0.5
2019-09-19,191.39,109.51,4.9369,0.5
2019-09-20,191.09,109.27,4.9388,0.5
2019-09-23,191.33,109.64,4.9407,0.5
2019-09-24,193.39,109.73,4.961,0.5
2019-09-25,195.34,110.59,4.9743,0.5
2019-09-26,195.18,110.46,4.9724,0.5
2019-09-27,192.94,109.92,4.955,0.5
2019-09-29,193.12,110.17,4.9607,0.5
2019-09-30,190.04,109.68,4.9241,0.5
2019-10-08,190.13,110.06,4.9232,0.5
2019-10-09,191.73,110.28,4.9289,0.5
2019-10-10,227.345,152.02,5.20415,0.5
2019-10-11,236.54,162.15,5.2978,0.5
2019-10-12,246.065,172.225,5.3925,0.5
2019-10-14,256.085,182.265,5.4991,0.5
2019-10-15,267.98,192.78,5.60885,0.5
2019-10-16,277.19,203.085,5.7032,0.5
2019-10-17,281.01,208.24,5.7441,0.2481945438323494
2019-10-18,282.03,210.505,5.76375,0.5
2019-10-21,280.575,210.825,5.7621,0.5
2019-10-22,278.83,210.345,5.76325,0.5
2019-10-23,278.49,210.11,5.74575,0.5
2019-10-24,278.73,209.78,5.7424,0.5
2019-10-25,278.72,209.905,5.74705,0.5
2019-10-28,278.03,209.955,5.759,0.5
2019-10-29,279.14,209.975,5.7775,0.5
2019-10-30,277.315,210.905,5.82835,0.5
2019-10-31,278.105,210.72,5.8505,0.5
2019-11-01,282.405,209.91,5.8552,0.5
2019-11-04,282.38,209.81,5.86825,0.5
2019-11-05,286.835,210.245,5.8852,0.5
2019-11-06,285.205,210.21,5.86295,0.5
2019-11-07,282.6,209.92,5.8528,0.5
2019-11-08,280.975,210.585,5.8412,0.5
2019-11-11,282.785,210.445,5.8459,0.5
2019-11-12,279.98,210.255,5.82945,0.5
2019-11-13,280.43,210.665,5.8212,0.5
2019-11-14,278.835,210.225,5.81305,0.5
2019-11-15,279.945,209.925,5.8167,0.5
2019-11-18,283.375,210.19,5.80205,0.5
2019-11-19,324.65,248.86,6.0095,0.5
2019-11-20,327.39,250.21,5.9986,0.5
2019-11-21,323.88,249.41,5.9889,0.5
2019-11-22,324.96,250.11,5.9856,0.5
2019-11-25,323.59,250.04,5.9825,0.5
2019-11-26,320.54,249.93,5.9591,0.5
2019-11-27,318.47,248.5,5.9442,0.5
2019-11-28,320.39,250.42,5.9505,0.5
2019-11-29,269.375,198.445,5.6109,0.5
2019-12-02,265.215,195.38,5.57575,0.5
2019-12-03,267.125,195.87,5.5556,0.5
2019-12-04,261.495,191.11,5.4938,0.5
2019-12-05,262.405,191.175,5.50405,0.5
2019-12-06,263.265,191.325,5.50795,0.5
2019-12-09,261.995,190.34,5.51165,0.5
2019-12-10,261.87,190.57,5.50875,0.5
2019-12-11,261.87,190.375,5.49625,0.5
2019-12-12,258.435,185.045,5.44315,0.5
2019-12-13,257.535,185.705,5.44145,0.5
2019-12-16,255.495,185.265,5.43605,0.5
2019-12-17,255.835,185.525,5.445,0.5
2019-12-18,256.305,185.775,5.45385,0.5
2019-12-19,258.0,185.9,5.44985,0.5
2019-12-20,262.5,186.58,5.44995,0.5
2019-12-23,266.105,186.92,5.43175,0.5
2019-12-24,268.4,186.78,5.42135,0.5
2019-12-25,269.4,186.3,5.41655,0.5
2019-12-26,269.165,186.035,5.40295,0.9698201184623253
2019-12-27,260.855,176.0,5.30285,0.5
2019-12-30,261.215,175.43,5.2956,0.5
2019-12-31,263.115,175.895,5.28945,0.5
2020-01-02,257.195,176.355,5.24465,0.5
2020-01-03,253.38,176.88,5.241,0.5
2020-01-06,251.905,176.945,5.2279,0.5
2020-01-07,253.71,176.425,5.22235,0.5
2020-01-08,251.87,176.07,5.20995,0.5
2020-01-09,248.815,176.16,5.1898,0.5
2020-01-10,247.69,176.135,5.1731,0.5
2020-01-13,244.93,175.98,5.16135,0.5
2020-01-14,244.255,175.795,5.162,0.5
2020-01-15,246.585,176.4,5.1766,0.41022701664968986
2020-01-16,244.915,176.04,5.1793,0.5
2020-01-17,246.715,175.595,5.1711,0.5
2020-01-19,246.37,175.03,5.1716,0.5
2020-01-20,247.965,175.115,5.1737,0.5
2020-01-21,247.225,175.43,5.16255,0.5
2020-01-22,246.66,175.2,5.1555,0.5
2020-01-23,246.62,175.19,5.146,0.5
2020-02-03,253.82,175.31,5.0303,0.5
2020-02-04,253.165,176.09,5.02405,0.5
2020-02-05,253.335,175.505,5.04325,0.5
2020-02-06,256.11,176.04,5.06275,0.5
2020-02-07,258.12,175.795,5.0285,0.5
2020-02-10,264.12,175.84,5.01815,0.5
2020-02-11,264.8,176.595,5.0019,0.5
2020-02-12,261.19,175.96,4.9726,0.5
2020-02-13,256.78,174.125,4.93285,0.5
2020-02-14,257.005,172.125,4.9114,0.5
2020-02-17,254.525,172.43,4.8799,0.5
2020-02-18,252.54,172.99,4.8569,0.5
2020-02-19,251.0,173.13,4.83395,0.5
2020-02-20,244.64,172.73,4.8169,0.5
2020-02-21,243.405,172.5,4.8152,0.5
2020-02-24,243.33,172.74,4.7979,0.5
2020-02-25,240.97,172.48,4.793,0.5
2020-02-26,241.06,172.04,4.77165,0.9001290889642851
2020-02-27,241.655,172.88,4.74155,0.5
2020-02-28,233.38,162.33,4.63985,0.5
2020-03-02,235.195,163.32,4.63135,0.5
2020-03-03,236.095,163.13,4.6245,0.5
2020-03-04,237.94,162.99,4.57715,0.5
2020-03-05,237.61,162.915,4.5859,0.5
2020-03-06,239.69,162.905,4.56495,0.5
2020-03-09,240.475,164.905,4.4825,0.5
2020-03-10,236.47,164.07,4.4857,0.5
2020-03-11,237.71,164.54,4.50205,0.5
2020-03-12,238.165,165.19,4.49275,0.5
2020-03-13,237.34,165.005,4.5257,0.5
2020-03-16,232.6,155.04,4.45415,0.5
2020-03-17,225.745,145.685,4.37385,0.5
2020-03-18,206.37,123.67,4.16865,0.5
2020-03-19,208.82,124.67,4.1748,0.9541654131233144
2020-03-20,211.845,125.6,4.1755,0.5
2020-03-23,190.115,105.835,3.92085,0.5
2020-03-24,194.97,105.04,3.92305,0.5
2020-03-25,206.505,114.985,4.02895,0.5
2020-03-26,211.515,114.56,4.0343,0.5
2020-03-27,208.47,115.97,4.0268,0.5
2020-03-30,212.645,114.43,4.04095,0.5
2020-03-31,216.01,114.24,4.0451,0.5
2020-04-01,220.415,113.84,4.04345,0.5
2020-04-02,217.06,111.905,3.99255,0.5
2020-04-03,217.43,112.905,3.9882,0.5
2020-04-07,236.395,112.53,3.868,0.5
2020-04-08,239.8,112.75,3.79185,0.5
2020-04-09,235.925,112.785,3.75915,0.5
2020-04-10,206.56,80.56,3.9353,0.5
2020-04-13,203.5,80.6,3.9059,0.5
2020-04-14,206.44,80.62,3.938,0.5
2020-04-15,212.52,79.83,3.9159,0.5
2020-04-16,215.02,80.43,3.928,0.5
2020-04-17,213.56,80.0,3.8785,0.5
2020-04-20,215.54,80.22,3.901,0.5
2020-04-21,214.47,79.96,3.888,0.5
2020-04-22,216.24,79.76,3.8921,0.5
2020-04-23,214.75,80.42,3.8279,0.5
2020-04-24,211.47,79.91,3.8221,0.5
2020-04-26,209.64,79.98,3.8213,0.5
2020-04-27,207.58,80.29,3.823,0.5
2020-04-28,206.35,80.09,3.8094,0.5
2020-04-29,208.17,80.32,3.8271,0.5
2020-04-30,206.3,80.17,3.8079,0.5
2020-05-06,202.5,80.26,3.8229,0.5
2020-05-07,200.45,79.83,3.8689,0.5
2020-05-08,204.62,80.34,3.8691,0.5
2020-05-09,204.18,80.16,3.8977,0.5
2020-05-11,197.85,80.04,3.8948,0.5
2020-05-12,202.88,80.35,3.9124,0.880235352824814
2020-05-13,204.89,80.19,3.915,0.5
2020-05-14,206.94,80.53,3.896,0.5
2020-05-15,209.38,80.27,3.8885,0.5
2020-05-18,185.47,71.03,3.65895,0.5
2020-05-19,183.0,70.765,3.6636,0.5
2020-05-20,181.36,70.86,3.67495,0.5
2020-05-21,179.105,70.85,3.65665,0.8843440403912414
2020-05-22,182.385,71.015,3.6544,0.5
2020-05-25,174.04,70.965,3.65005,0.5
2020-05-26,165.48,71.065,3.692,0.3778090629403248
2020-05-27,158.705,71.375,3.7238,0.5
2020-05-28,161.835,71.16,3.7532,0.5
2020-05-29,165.075,71.13,3.7699,0.5
2020-06-01,167.305,71.23,3.7902,0.5
2020-06-02,155.66,71.345,3.8602,0.5
2020-06-03,155.425,70.86,3.9881,0.5
2020-06-04,154.64,71.135,4.05575,0.5
2020-06-05,159.08,71.25,4.18265,0.5
2020-06-08,166.365,71.02,4.2302,0.5
2020-06-09,171.69,70.845,4.22405,0.5
2020-06-10,167.785,70.73,4.20975,0.5
2020-06-11,166.855,70.775,4.1866,0.5
2020-06-12,166.59,70.77,4.1495,0.15008684605020584
2020-06-15,163.485,70.54,4.117,0.5
2020-06-16,161.195,70.425,4.1238,0.9571543886607136
2020-06-17,156.02,70.18,4.14925,0.5
2020-06-18,155.9,70.715,4.1412,0.5
2020-06-19,158.18,70.4,4.1565,0.5
2020-06-22,154.09,70.45,4.18805,0.9155031272922753
2020-06-23,150.695,65.07,4.19735,0.39108396958226754
2020-06-24,158.46,65.38,4.19335,0.5
2020-06-28,160.18,65.215,4.18775,0.5
2020-06-29,160.55,65.38,4.1819,0.5
2020-06-30,163.94,65.355,4.1853,0.5
2020-07-01,162.41,65.27,4.1685,0.5
2020-07-02,163.735,65.015,4.15565,0.5
2020-07-03,159.885,64.985,4.13515,0.5
2020-07-06,151.54,65.375,4.17155,0.5
2020-07-07,154.44,65.535,4.2787,0.5
2020-07-08,154.97,65.965,4.33805,0.5192504892667305
2020-07-09,151.435,65.71,4.4587,0.5
2020-07-10,157.905,66.09,4.51485,0.5
2020-07-13,133.97,47.62,4.6154,0.5
2020-07-14,142.37,47.84,4.6489,0.5
2020-07-15,152.3,47.93,4.6484,0.5
2020-07-16,148.89,48.19,4.6132,0.5
2020-07-17,149.71,48.04,4.5816,0.5
2020-07-20,152.22,47.5,4.5576,0.5
2020-07-21,161.86,51.58,4.5721,0.5
2020-07-22,159.26,50.88,4.5456,0.5
2020-07-23,152.82,51.48,4.5008,0.5
2020-07-24,154.53,50.36,4.4606,0.5
2020-07-27,146.82,50.42,4.4294,0.5
2020-07-28,142.48,50.33,4.4156,0.5
2020-07-29,139.65,51.88,4.4169,0.5
2020-07-30,140.84,51.53,4.439,0.5
2020-07-31,137.02,50.7,4.457,0.5
2020-08-03,140.07,50.92,4.4681,0.5
2020-08-04,140.33,50.73,4.461,0.5
2020-08-05,137.73,50.88,4.443,0.5
2020-08-06,132.45,49.92,4.4264,0.5866363155537814
2020-08-07,133.98,50.92,4.4245,0.5
2020-08-10,135.31,50.92,4.4082,0.5
2020-08-11,132.1,50.25,4.3847,0.5
2020-08-12,131.34,50.43,4.3796,0.5
2020-08-13,130.65,50.54,4.3713,0.5
2020-08-14,133.21,50.58,4.3854,0.5
2020-08-17,131.03,50.96,4.3535,0.5
2020-08-18,128.31,49.92,4.337,0.5
2020-08-19,123.44,49.91,4.3179,0.5
2020-08-20,120.06,50.24,4.3217,0.5
2020-08-21,121.67,51.26,4.3507,0.5
2020-08-24,117.64,50.87,4.3593,0.5
2020-08-25,114.88,49.9,4.3787,0.5
2020-08-26,110.58,45.23,4.3453,0.5
2020-08-27,110.53,44.92,4.3437,0.989824810644897
2020-08-28,111.23,45.37,4.3791,0.5
2020-08-31,116.34,45.23,4.4026,0.5
2020-09-01,110.26,40.64,4.356,0.5
2020-09-02,104.71,35.8,4.3337,0.5
2020-09-03,102.59,35.71,4.3437,0.5
2020-09-04,103.8,35.74,4.3518,0.5
2020-09-07,101.28,34.98,4.3724,0.5
2020-09-08,103.17,34.89,4.3727,0.5
2020-09-09,104.06,34.99,4.3185,0.5
2020-09-10,108.85,34.91,4.3108,0.9635979623575299
2020-09-11,106.38,34.67,4.3113,0.9809932455002703
2020-09-14,106.22,35.03,4.3231,0.7131020881707306
2020-09-15,110.29,35.13,4.3072,0.5
2020-09-16,111.07,35.33,4.2947,0.5
2020-09-17,108.96,35.63,4.2933,0.9058791793930943
2020-09-18,109.36,35.67,4.2877,0.8125485374736914
2020-09-21,111.66,35.36,4.2845,0.045059437523913504
2020-09-22,109.22,35.0,4.2698,0.5
2020-09-23,109.21,35.43,4.2842,0.8837523146656673
2020-09-24,107.58,35.37,4.2679,0.22940910924977448
2020-09-25,104.75,35.74,4.2745,0.027083724190247405
2020-09-27,104.23,35.09,4.2685,0.5
2020-09-28,106.8,35.76,4.2888,0.5
2020-09-29,106.49,35.5,4.2954,0.5385131014656093
2020-09-30,107.0,35.34,4.2952,0.22613994099943102
2020-10-09,99.58,30.07,4.2473,0.5
2020-10-10,101.53,30.83,4.2664,0.8722761754034618
2020-10-12,101.39,30.48,4.2689,0.6811133735171943
2020-10-13,101.49,29.26,4.2541,0.5
2020-10-14,99.92,29.75,4.2433,0.5754473457138645
2020-10-15,94.55,25.33,4.1938,0.5
2020-10-16,93.99,24.86,4.1877,0.9978857391406816
2020-10-19,94.6,24.46,4.1734,0.5
2020-10-20,93.61,24.37,4.162,0.9890605629336551
2020-10-21,95.3,24.63,4.1584,0.5
2020-10-22,98.92,24.95,4.1554,0.5
2020-10-23,96.4,25.01,4.141,0.5
2020-10-26,93.38,25.03,4.1297,0.5
2020-10-27,94.0,24.87,4.1256,0.5
2020-10-28,95.35,25.16,4.1272,0.5
2020-10-29,95.21,24.92,4.1212,0.16537044702869996
2020-10-30,95.4,24.88,4.1227,0.5
2020-11-02,97.93,24.72,4.1386,0.49372005628131116
2020-11-03,100.57,24.62,4.1328,0.5
2020-11-04,98.92,25.04,4.1179,0.9906343253942207
2020-11-05,99.41,25.17,4.1224,0.2447135165705001
2020-11-06,96.28,24.9,4.1188,0.5
2020-11-09,95.25,25.03,4.1255,0.4610295855257926
2020-11-10,95.6,25.63,4.1466,0.9506836769354436
2020-11-11,96.79,24.49,4.1607,0.5
2020-11-12,97.63,24.54,4.2108,0.00824354756325707
2020-11-13,102.76,24.875,4.29835,0.5327152301911285
2020-11-16,107.155,24.445,4.34005,0.9997873676839556
2020-11-17,112.14,25.21,4.4056,0.5
2020-11-18,112.27,19.55,4.4494,0.5
2020-11-19,111.75,14.81,4.4728,0.5
2020-11-20,117.36,15.27,4.5507,0.5
2020-11-23,123.6,15.41,4.5679,0.9732578294893639
2020-11-24,122.65,15.33,4.5681,0.5
2020-11-25,120.23,10.93,4.5175,0.5
2020-11-26,120.77,10.88,4.5105,0.9942609066931211
2020-11-27,120.16,10.08,4.4981,0.5
2020-11-30,124.36,10.3,4.4756,0.9492146335933871
2020-12-01,121.02,9.85,4.4501,0.8880567940403934
2020-12-02,116.97,7.34,4.4335,0.5
2020-12-03,113.7,7.74,4.4048,0.5
2020-12-04,115.86,5.27,4.4022,0.5
2020-12-07,117.53,5.65,4.406,0.5
2020-12-08,121.07,5.41,4.4154,0.9425671837115306
2020-12-09,115.54,0.64,4.3557,0.9940856415837946
2020-12-10,117.92,1.2,4.3536,0.709670972677224
2020-12-11,114.43,-0.12,4.3485,0.7913543533071035
2020-12-14,116.1,0.68,4.3535,0.54299783799579
2020-12-15,119.36,0.98,4.356,0.5
2020-12-16,122.04,1.14,4.3526,0.9323447697420217
2020-12-17,121.83,0.18,4.3404,0.5
2020-12-18,121.8,1.64,4.341,0.5
2020-12-21,124.71,1.58,4.3297,0.935434778167581
2020-12-22,121.04,-3.51,4.2482,0.6095375166619083
2020-12-23,118.72,-4.33,4.2241,0.9435604304836214
2020-12-24,115.34,-4.47,4.2115,0.5
2020-12-25,117.71,-4.61,4.2196,0.6880504999448512
2020-12-28,116.48,-6.32,4.191,0.5
2020-12-29,120.24,-7.37,4.1988,0.5
2020-12-30,125.18,-6.91,4.1954,0.9830215626796807
2020-12-31,125.71,-8.53,4.1764,0.5
2021-01-04,119.11,-4.51,4.1837,0.5
2021-01-05,123.01,-4.05,4.1796,0.2550686028866014
2021-01-06,123.52,-2.2,4.1666,0.5
2021-01-07,125.64,1.73,4.134,0.5
2021-01-08,125.82,3.71,4.1122,0.5
2021-01-11,135.37,14.1,4.2202,0.5
2021-01-12,135.4,18.74,4.2045,0.5
2021-01-13,136.09,17.81,4.188,0.5
2021-01-14,136.19,19.08,4.1681,0.5
2021-01-15,131.68,19.48,4.1578,0.5
2021-01-18,123.66,21.95,4.1601,0.5
2021-01-19,121.39,15.18,4.1787,0.7131312945631544
2021-01-20,123.36,14.2,4.1889,0.9967523775392317
2021-01-21,126.17,15.15,4.1727,0.5
2021-01-22,127.24,12.91,4.1816,0.5
2021-01-25,124.7,10.61,4.1793,0.5
2021-01-26,116.39,8.87,4.1712,0.9175073522629451
2021-01-27,116.63,10.67,4.2316,0.5
2021-01-28,111.17,7.76,4.2455,0.5
2021-01-29,116.98,6.98,4.2946,0.5
2021-02-01,121.87,8.675,4.31215,0.5
2021-02-02,121.555,9.265,4.2921,0.5
2021-02-03,116.035,12.275,4.28305,0.652032461776802
2021-02-04,113.63,9.395,4.276,0.5
2021-02-05,110.625,6.76,4.26535,0.6711991257408774
2021-02-07,110.125,6.5,4.2738,0.7413880459557418
2021-02-08,108.03,5.16,4.27895,0.5
2021-02-09,113.265,5.645,4.2883,0.5
2021-02-10,114.835,5.96,4.2872,0.5
2021-02-18,114.875,7.58,4.2846,0.5
2021-02-19,118.655,8.5,4.3057,0.9954844021389432
2021-02-20,118.38,8.48,4.29645,0.5
2021-02-22,116.04,3.485,4.22495,0.5
2021-02-23,116.275,2.855,4.2258,0.977219348692309
2021-02-24,117.285,3.8,4.212,0.7626121746881339
2021-02-25,119.445,6.67,4.26865,0.5
2021-02-26,116.9,5.29,4.2559,0.9931020754181497
2021-03-01,117.19,4.035,4.2444,0.6031277212668384
2021-03-02,125.265,13.825,4.3215,0.9911612106219773
2021-03-03,129.675,19.995,4.3569,0.5
2021-03-04,127.17,21.735,4.3444,0.5
2021-03-05,126.85,20.9,4.31745,0.5
2021-03-08,125.85,20.84,4.3027,0.5
2021-03-09,123.75,19.535,4.28985,0.19283685521395033
2021-03-10,123.79,20.11,4.2759,0.5
2021-03-11,127.77,24.97,4.31745,0.9842995726867111
2021-03-12,127.145,25.82,4.3017,0.9875094415298895
2021-03-15,124.93,25.575,4.3174,0.9838619133048739
2021-03-16,124.805,26.265,4.3028,0.316730260419276
2021-03-17,125.265,26.975,4.3004,0.5
2021-03-18,128.91,28.045,4.29925,0.2450042260467694
2021-03-19,132.07,30.8,4.31435,0.09783845536467539
2021-03-22,142.06,34.91,4.4368,0.9742568162777229
2021-03-23,141.11,35.0,4.4126,0.9747648426761142
2021-03-24,142.04,34.64,4.4052,0.5
2021-03-25,141.66,35.72,4.3939,0.40625711373040657
2021-03-26,139.37,36.45,4.3749,0.9494826174153098
2021-03-29,138.655,36.8,4.4298,0.5
2021-03-30,140.33,37.04,4.4289,0.5
2021-03-31,141.675,37.775,4.44435,0.6795705489327812
2021-04-01,140.34,37.575,4.4356,0.5521270661328435
2021-04-02,143.415,38.25,4.43445,0.5
2021-04-06,141.49,38.79,4.43155,0.21250105647823547
2021-04-07,141.81,40.145,4.44405,0.5
2021-04-08,143.005,39.27,4.44865,0.5
2021-04-09,145.365,42.035,4.46245,0.5
2021-04-12,145.445,41.09,4.4478,0.5
2021-04-13,147.66,42.775,4.435,0.9748883633477656
2021-04-14,148.65,47.17,4.45555,0.5341310626256663
2021-04-15,146.385,47.885,4.44035,0.5003719998703314
2021-04-16,141.385,43.985,4.3851,0.5
2021-04-19,133.425,37.625,4.30305,0.7825011769807523
2021-04-20,134.44,37.9,4.2837,0.9446962256707707
2021-04-21,130.33,31.92,4.21355,0.46189362997218875
2021-04-22,123.875,27.915,4.1564,0.5
2021-04-23,123.355,28.35,4.15695,0.9887521031697425
2021-04-25,122.27,25.385,4.13505,0.5479199363263171
2021-04-26,121.24,25.515,4.14395,0.5
2021-04-27,119.535,25.37,4.13965,0.5
2021-04-28,122.425,26.365,4.14715,0.5991730002841152
2021-04-29,123.6,27.6,4.14955,0.5
2021-04-30,122.685,24.52,4.12725,0.5
2021-05-06,122.95,25.57,4.1187,0.7285170898308435
2021-05-07,122.595,26.365,4.1189,0.5
2021-05-08,122.285,28.19,4.12375,0.5218219728860986
2021-05-10,123.13,28.985,4.11655,0.06411130009573685
2021-05-11,124.295,28.36,4.1086,0.9016398523919524
2021-05-12,120.67,27.515,4.0685,0.8672000670265385
2021-05-13,115.525,25.125,4.039,0.6490983989976733
2021-05-14,114.425,25.07,4.02325,0.5
2021-05-17,113.55,27.305,4.0197,0.3032522687497423
2021-05-18,111.05,26.52,4.04,0.434444327918466
2021-05-19,111.84,26.53,4.029,0.5
2021-05-20,112.7,25.83,4.0109,0.7641978433390866
2021-05-21,114.69,28.65,4.0106,0.9592702028811313
2021-05-24,111.61,28.665,4.035,0.5114481492152602
2021-05-25,112.195,30.315,4.04035,0.8710756256913655
2021-05-26,113.0,31.325,4.0402,0.9771476676620308
2021-05-27,110.205,31.935,4.02955,0.7420081429410517
2021-05-28,109.065,35.57,4.0355,0.87760171133634
2021-05-31,108.93,32.895,4.0249,0.5
2021-06-01,110.16,35.61,4.0347,0.5375019939280744
2021-06-02,110.075,36.195,4.0375,0.5
2021-06-03,108.75,34.75,4.01205,0.5
2021-06-04,106.095,33.47,4.00815,0.5
2021-06-07,101.595,30.07,4.0051,0.5
2021-06-08,107.945,34.03,4.06985,0.8686968537145122
2021-06-09,110.365,35.94,4.09735,0.4000706213722057
2021-06-10,110.15,35.09,4.08255,0.5
2021-06-11,103.095,29.455,4.00915,0.7640528714049942
2021-06-15,101.295,26.625,3.9823,0.09909637746875122
2021-06-16,102.61,27.515,3.9965,0.5
2021-06-17,102.69,26.095,3.998,0.5
2021-06-18,103.505,27.325,4.001,0.8307816058903809
2021-06-21,105.025,29.505,3.99455,0.7312488918016061
2021-06-22,104.765,29.9,3.98945,0.29357767003884916
2021-06-23,107.485,32.025,3.9962,0.5
2021-06-24,108.835,32.43,3.9923,0.2893041873089537
2021-06-25,110.32,34.215,3.993,0.897219601141781
2021-06-28,114.13,40.35,4.0584,0.16640465820881112
2021-06-29,116.84,42.64,4.069,0.6727686718605079
2021-06-30,120.31,43.12,4.072,0.5466597265656421
2021-07-01,119.33,45.78,4.0637,0.5659796231487135
2021-07-02,120.6,44.67,4.055,0.26768921561648423
2021-07-05,119.05,44.1,4.0369,0.5614584423070283
2021-07-06,119.93,44.4,4.0457,0.5
2021-07-07,153.8,76.46,4.3741,0.9832747029947415
2021-07-08,154.08,76.79,4.3219,0.7275621654917593
2021-07-09,153.05,78.18,4.3225,0.6556130603768926
2021-07-12,152.1,75.18,4.279,0.992224403256744
2021-07-13,150.26,75.55,4.258,0.7032184570422096
2021-07-14,153.82,78.13,4.2598,0.7985569358473704
2021-07-15,148.38,75.72,4.2269,0.5705148978392105
2021-07-16,148.74,74.08,4.22685,0.46729535833769237
2021-07-19,148.02,74.2,4.1873,0.900832196277952
2021-07-20,149.66,75.78,4.1901,0.9997766060643533
2021-07-21,147.38,71.93,4.1552,0.5318013861561386
2021-07-22,147.0,71.79,4.1428,0.5
2021-07-23,147.27,69.84,4.1037,0.5
2021-07-26,147.92,72.08,4.1073,0.04901374325976127
2021-07-27,145.16,69.02,4.0791,0.5
2021-07-28,146.28,73.25,4.1203,0.815885248220806
2021-07-29,148.15,73.64,4.1195,0.4104062761158145
2021-07-30,149.42,69.84,4.0952,0.9852366219315968
2021-08-02,148.54,70.2,4.0757,0.5
2021-08-03,149.515,74.095,4.0809,0.859574554866813
2021-08-04,146.715,75.055,4.07545,0.8131006635810996
2021-08-05,152.32,79.25,4.10545,0.9659599373400652
2021-08-06,171.3,99.505,4.30075,0.5
2021-08-09,170.25,101.76,4.34145,0.5
2021-08-10,168.445,100.67,4.3219,0.6856227952487015
2021-08-11,168.915,100.26,4.32295,0.5
2021-08-12,171.33,99.8,4.32095,0.8876412458542381
2021-08-13,174.69,104.18,4.36965,0.5
2021-08-16,173.54,104.905,4.35325,0.5
2021-08-17,176.59,107.45,4.3828,0.9200188842430267
2021-08-18,176.79,106.91,4.3622,0.9368115088052741
2021-08-19,175.33,105.26,4.33685,0.5
2021-08-20,173.085,104.625,4.3166,0.5
2021-08-23,171.195,102.51,4.29805,0.9571668476888038
2021-08-24,166.335,99.195,4.24915,0.9678168256140163
2021-08-25,167.105,98.935,4.2468,0.014986932896184468
2021-08-26,163.66,97.92,4.244,0.013239352584032082
2021-08-27,162.68,98.105,4.2401,0.5
2021-08-30,164.055,98.52,4.24365,0.5129794304063735
2021-08-31,164.165,100.49,4.25025,0.5
2021-09-01,166.0,101.44,4.2496,0.7667622901560528
2021-09-02,164.675,100.61,4.2372,0.5
2021-09-03,163.335,101.17,4.239,0.039777063778527966
2021-09-06,162.615,100.51,4.23365,0.5
2021-09-07,166.215,102.96,4.26465,0.18277664277969718
2021-09-08,164.345,103.29,4.2641,0.5
2021-09-09,163.94,103.2,4.26665,0.5
2021-09-10,164.77,104.655,4.27305,0.5
2021-09-13,163.02,105.04,4.307,0.9736328589959022
2021-09-14,162.18,104.57,4.3206,0.9027430568327494
2021-09-15,163.57,106.12,4.3359,0.04237703579508012
2021-09-16,164.95,107.55,4.3558,0.1338491059797855
2021-09-17,167.355,107.51,4.36405,0.8231273887513566
2021-09-18,167.575,107.72,4.35485,0.7785613331739895
2021-09-22,175.295,113.32,4.42045,0.6894602321439943
2021-09-23,177.805,114.125,4.43655,0.5495960667638764
2021-09-24,177.195,111.835,4.43195,0.5
2021-09-26,178.645,112.82,4.4432,0.5
2021-09-27,176.81,109.955,4.4421,0.94792895779351
2021-09-28,179.51,112.115,4.4697,0.976283441191903
2021-09-29,181.945,110.855,4.4737,0.935487780903991
2021-09-30,175.475,103.615,4.4133,0.9713899381334595
2021-10-08,178.125,104.33,4.41965,0.5
2021-10-09,177.61,100.91,4.40385,0.5
2021-10-11,178.185,103.025,4.43975,0.2598620903580168
2021-10-12,177.69,100.86,4.4358,0.7531242079611626
2021-10-13,175.875,99.505,4.43055,0.988120711949499
2021-10-14,175.895,101.015,4.4446,0.5
2021-10-15,174.01,99.78,4.4416,0.5
2021-10-18,172.065,99.09,4.45915,0.3823029102098371
2021-10-19,171.545,100.5,4.47325,0.5
2021-10-20,173.98,100.02,4.47775,0.5
2021-10-21,178.015,101.175,4.47825,0.5
2021-10-22,181.215,104.155,4.50045,0.15458403328223752
2021-10-25,218.435,143.315,4.8797,0.11411946723905086
2021-10-26,225.55,151.78,4.94015,0.9149784866398232
2021-10-27,225.255,153.445,4.94655,0.5403681496895189
2021-10-28,224.885,154.44,4.9332,0.9999942669253341
2021-10-29,225.56,157.08,4.9393,0.5
2021-11-01,226.305,157.975,4.92715,0.39021560267939315
2021-11-02,225.99,157.82,4.9134,0.9916524319517966
2021-11-03,224.435,157.74,4.906,0.5
2021-11-04,226.855,162.59,4.9221,0.9332435762871517
2021-11-05,232.52,166.94,4.94945,0.13135079772803426
2021-11-08,229.885,166.705,4.9373,0.949396600695185
2021-11-09,228.575,166.555,4.9364,0.5
2021-11-10,229.355,167.07,4.9408,0.11628800583178622
2021-11-11,228.455,167.99,4.9412,0.9924902933823957
2021-11-12,227.34,167.26,4.91935,0.5
2021-11-15,227.89,166.415,4.90295,0.021967141154580427
2021-11-16,227.79,166.435,4.89295,0.5
2021-11-17,226.635,164.15,4.8808,0.5
2021-11-18,228.89,165.765,4.8927,0.7638500700919517
2021-11-19,229.065,165.735,4.89055,0.1802670445323239
2021-11-22,230.71,166.405,4.89675,0.5
2021-11-23,230.06,166.68,4.8944,0.5
2021-11-24,232.47,167.31,4.8913,0.5
2021-11-25,242.97,177.18,4.994,0.5
2021-11-26,244.9,177.77,5.0028,0.5
2021-11-29,240.96,176.35,4.9816,0.8089198757463012
2021-11-30,239.0,174.05,4.9678,0.6063758740364307
2021-12-01,239.54,174.77,4.9826,0.5
2021-12-02,237.47,172.72,4.9693,0.5891170170177906
2021-12-03,250.46,186.85,5.1067,0.3139276816761205
2021-12-06,252.57,187.29,5.0917,0.05321807047837368
2021-12-07,262.1,196.11,5.1864,0.955525690986732
2021-12-08,271.65,206.39,5.2892,0.5
2021-12-09,280.59,215.4,5.3801,0.58704037342954
2021-12-10,283.42,217.54,5.3957,0.5
2021-12-13,283.77,218.39,5.3961,0.5
2021-12-14,285.91,219.03,5.3936,0.4913618514855242
2021-12-15,286.87,218.18,5.3927,0.4403126230655855
2021-12-16,285.24,217.86,5.3906,0.3785772127604984
2021-12-17,283.44,216.72,5.3822,0.12219688912390925
2021-12-20,281.21,216.0,5.3916,0.9272702503737098
2021-12-21,281.11,215.74,5.4025,0.5
2021-12-22,283.89,216.03,5.4199,0.6797607576082894
2021-12-23,297.05,227.54,5.521,0.026639461686427945
2021-12-24,308.71,238.23,5.6322,0.5
2021-12-27,320.315,249.855,5.75275,0.5876601585432826
2021-12-28,324.69,255.58,5.79815,0.9247036771487471
2021-12-29,330.545,260.76,5.8363,0.5
2021-12-30,341.755,269.71,5.9196,0.5630682314585878
2021-12-31,350.69,276.585,5.9763,0.3012465176650858
2022-01-04,355.935,283.005,6.0289,0.11517257836371753
2022-01-05,357.545,284.61,6.0345,0.5
2022-01-06,357.35,285.11,6.04205,0.46423413529487634
2022-01-07,358.375,284.86,6.0318,0.675345104388412
2022-01-10,369.515,296.11,6.119,0.5
2022-01-11,375.67,301.45,6.16255,0.5348944793468493
2022-01-12,372.97,300.865,6.13515,0.5
2022-01-13,369.825,300.91,6.12085,0.837340744215474
2022-01-14,367.57,299.785,6.10535,0.5
2022-01-17,367.435,297.935,6.07445,0.9842621737054759
2022-01-18,371.48,298.47,6.0491,0.9490772171266317
2022-01-19,374.675,302.41,6.04235,0.9739542854882678
2022-01-20,370.37,298.645,6.00315,0.6635874178216548
2022-01-21,372.37,298.625,5.98775,0.5
2022-01-24,374.215,298.345,5.9711,0.5
2022-01-25,380.535,307.455,6.05505,0.5
2022-01-26,378.285,305.755,6.0401,0.5
2022-01-27,378.76,309.335,6.06385,0.5
2022-01-28,389.225,316.305,6.1385,0.5
2022-01-29,388.86,316.105,6.13555,0.5
2022-01-30,388.1,316.15,6.12495,0.9426458643391579
2022-02-07,387.705,314.275,6.09835,0.5
2022-02-08,387.505,312.94,6.0772,0.5
2022-02-09,387.265,313.31,6.06995,0.5
2022-02-10,388.42,312.265,6.05855,0.6536156929285708
2022-02-11,415.64,342.735,6.3891,0.5
2022-02-14,415.17,342.55,6.3842,0.999689536476432
2022-02-15,413.395,339.39,6.3614,0.7764300947554488
2022-02-16,412.75,339.89,6.3619,0.9998051014272251
2022-02-17,412.355,339.43,6.34965,0.5718886816103148
2022-02-18,408.45,337.485,6.3296,0.5
2022-02-21,412.665,344.9,6.41365,0.9998059117829826
2022-02-22,406.08,346.2,6.42335,0.9556451619352352
2022-02-23,412.955,350.88,6.46655,0.8741526593501827
2022-02-24,424.59,360.92,6.57435,0.5
2022-02-25,423.095,360.8,6.5685,0.5
2022-02-28,424.67,361.115,6.56605,0.9578505542423819
2022-03-01,426.41,365.34,6.61105,0.6059901252253963
2022-03-02,424.32,364.33,6.6262,0.6152411257976222
2022-03-03,421.89,365.475,6.6605,0.4227558044139788
2022-03-04,439.26,379.895,6.82145,0.5
2022-03-07,440.845,380.405,6.8378,0.7093105097976851
2022-03-08,443.71,380.48,6.84765,0.5
2022-03-09,444.375,382.095,6.87495,0.537254213438184
2022-03-10,445.77,383.085,6.9081,0.37062919157297997
2022-03-11,451.435,383.52,6.92475,0.6645364317149914
2022-03-14,450.425,382.105,6.89235,0.5046954464000424
2022-03-15,444.31,382.975,6.929,0.8594716910429214
2022-03-16,456.06,391.85,7.0442,0.5
2022-03-17,519.605,452.71,7.6617,0.9547094244270709
2022-03-18,582.415,514.195,8.2592,0.5
2022-03-21,638.535,572.665,8.8415,0.16933971564992034
2022-03-22,696.31,632.025,9.4442,0.7299475097448515
2022-03-23,746.43,681.495,9.93905,0.3095901039241007
2022-03-24,799.12,734.09,10.46535,0.5
2022-03-25,826.96,762.51,10.7375,0.2819991955583655
2022-03-28,825.095,762.255,10.72695,0.13916831834207222
2022-03-29,824.065,761.18,10.71605,0.7286875335861286
2022-03-30,877.175,811.38,11.2211,0.44674642491150607
2022-03-31,879.465,811.825,11.20955,0.5
2022-04-01,881.66,811.925,11.19545,0.5
2022-04-02,880.4,812.17,11.1769,0.5
2022-04-06,940.32,872.195,11.75875,0.5
2022-04-07,938.385,872.685,11.7192,0.5
2022-04-08,934.76,872.175,11.6971,0.388129455908402
2022-04-11,933.235,874.65,11.69975,0.954347354857331
2022-04-12,992.5,935.93,12.3016,0.5
2022-04-13,1053.6,995.545,12.8919,0.5
2022-04-14,1055.02,995.435,12.8756,0.5
2022-04-15,1137.69,1075.125,13.68245,0.5
2022-04-18,1136.46,1076.29,13.69785,0.6052957956308951
2022-04-19,1137.49,1075.645,13.67915,0.5
2022-04-20,1136.15,1074.325,13.65505,0.5
2022-04-21,1222.355,1162.695,14.405,0.8630002598646268
2022-04-22,1224.29,1164.65,14.39725,0.5
2022-04-24,1225.985,1166.115,14.39765,0.21545013149745706
2022-04-25,1298.485,1238.19,15.2273,0.5
2022-04-26,1356.775,1299.415,15.8106,0.5
2022-04-27,1350.63,1297.74,15.79735,0.5
2022-04-28,1347.72,1296.31,15.7885,0.5
2022-04-29,1434.125,1380.68,16.64535,0.5
2022-05-05,1483.36,1431.05,17.12475,0.8751794461743175
2022-05-06,1550.895,1500.175,17.80875,0.5
2022-05-07,1551.565,1500.465,17.8021,0.7974040888124831
2022-05-09,1887.74,1597.12,21.14545,0.5
2022-05-10,1989.46,1701.735,22.09535,0.5
2022-05-11,2086.705,1800.95,23.08155,0.3398544112167764
2022-05-12,2188.64,1901.955,24.07365,0.5
2022-05-13,2289.015,2003.055,25.05585,0.00099098502083117
2022-05-16,2286.905,2000.095,25.02755,0.49262620599167845
2022-05-17,2285.995,1998.535,24.9974,0.011400500661548851
2022-05-18,2289.365,1999.49,24.98635,0.1470873277532344
2022-05-19,2286.5,1998.29,24.9671,0.9444030726051333
2022-05-20,2286.975,2000.685,24.9671,0.5
2022-05-23,2287.9,1999.64,24.9545,0.1878813682632422
2022-05-24,2285.135,1999.76,24.95055,0.5343484043760989
2022-05-25,2288.215,1999.075,24.96645,0.922218823174102
2022-05-26,2360.015,2068.385,25.65685,0.5081919730242854
2022-05-27,2360.77,2069.47,25.65055,0.9987093991042352
2022-05-30,2359.985,2067.375,25.6517,0.5466507244072203
2022-05-31,2360.315,2067.855,25.6671,0.08877340704175518
2022-06-01,2419.68,2125.72,26.1334,0.022904066263904288
2022-06-02,2421.6,2129.41,26.1624,0.5850806256026134
2022-06-06,2417.9,2128.01,26.1801,0.08603509157273048
2022-06-07,2415.63,2125.98,26.189,0.73961747138445
2022-06-08,2417.35,2128.8,26.216,0.5
2022-06-09,2500.49,2205.92,27.0398,0.917550213024864
2022-06-10,2501.55,2206.86,27.0402,0.6653194791985887
2022-06-13,2501.09,2204.93,27.0429,0.5014998968858194
2022-06-14,2501.09,2204.62,27.0686,0.035765044222715314
2022-06-15,2500.76,2204.65,27.0724,0.9204112616271837
2022-06-16,2585.28,2288.74,28.0707,0.8309806000437705
2022-06-17,2684.55,2388.99,29.0524,0.5
2022-06-20,2785.34,2491.24,30.0665,0.7706043041979822
2022-06-21,2883.89,2590.19,31.051,0.44241930322443634
2022-06-22,2984.73,2692.2,32.0535,0.6441355039132712
2022-06-23,2984.8,2690.89,32.0328,0.5
2022-06-24,2983.14,2689.31,32.0162,0.36780766413046917
2022-06-27,2979.32,2687.08,32.016,0.47752545013014935
2022-06-28,3092.6,2799.36,33.1467,0.5
2022-06-29,3206.3,2912.04,34.2596,0.5
2022-06-30,3289.54,2994.27,35.0667,0.5
2022-07-01,3290.88,2995.59,35.0696,0.5
2022-07-04,3289.26,2996.93,35.1031,0.5
2022-07-05,3286.33,2992.98,35.0863,0.5
2022-07-06,3286.42,2994.39,35.0863,0.5
2022-07-07,3287.03,2994.64,35.0846,0.5
2022-07-08,3287.82,2761.38,35.0843,0.5
2022-07-11,3322.0,2795.89,35.3992,0.4624229304096031
2022-07-12,3432.1,2906.97,36.4859,0.5716061486743431
2022-07-13,3550.63,3026.48,37.6601,0.5
2022-07-14,3670.95,3146.8,38.8392,0.8330030370070318
2022-07-15,3671.68,3148.5,38.8284,0.40881734487200894
2022-07-18,3793.53,3271.2,40.0196,0.5
2022-07-19,3910.85,3390.9,41.2158,0.5
2022-07-20,4026.84,3508.46,42.3717,0.5
2022-07-21,4151.44,3634.45,43.6008,0.14921382571395675
2022-07-22,4291.0,3773.0,44.8448,0.5
2022-07-25,4492.91,3974.19,46.8411,0.05382875255041175
2022-07-26,4497.05,3972.6,46.8146,0.8481129447453292
2022-07-27,4704.91,4180.81,48.896,0.9214971103865454
2022-07-28,4704.8,4182.67,48.9068,0.9604324192129451
2022-07-29,4916.46,4390.02,50.9723,0.06842631035363272
2022-08-01,5126.5,4598.98,53.0118,0.6649805367498967
2022-08-02,5323.96,4793.84,55.0778,0.18451758060238882
2022-08-03,5322.94,4791.79,55.0464,0.6958045655699227
2022-08-04,5323.76,4789.27,54.9988,0.9983546452471747
2022-08-05,5320.93,4790.99,54.9992,0.5781503943977211
2022-08-08,5318.67,4791.21,54.9998,0.5
2022-08-09,5310.96,4787.22,54.9901,0.17134575996393187
2022-08-10,5309.41,4786.14,55.0033,0.6331857920183913
2022-08-11,5312.03,4787.47,55.0369,0.3512255850390374
2022-08-12,5314.71,4788.89,55.0613,0.5399347625049268
2022-08-15,5319.12,4788.99,55.0205,0.5049714793218094
2022-08-16,5467.79,4937.97,56.496,0.6641649774721227
2022-08-17,5464.05,4937.89,56.4753,0.5
2022-08-18,5624.47,5098.28,58.0773,0.7130620544340083
2022-08-19,5781.69,5258.09,59.6754,0.9623209877619091
2022-08-22,5779.46,5259.56,59.669,0.9338302565946166
2022-08-23,5776.68,5257.77,59.6601,0.24196144088433735
2022-08-24,6009.93,5493.59,62.0182,0.8055670198973978
2022-08-25,6011.09,5495.76,62.0488,0.9941195184621183
2022-08-26,6015.29,5497.05,62.0907,0.665695300592451
2022-08-29,6020.06,5498.06,62.0877,0.7120116950024563
2022-08-30,6228.59,5709.74,64.087,0.46508124349316765
2022-08-31,6228.95,5711.2,64.0793,0.48651262360568215
2022-09-01,6214.78,5697.06,63.9272,0.8661116381278127
2022-09-02,6214.36,5696.58,63.9208,0.5443643821942457
2022-09-05,6215.03,5696.58,63.9149,0.7699261963270569
2022-09-06,6215.17,5697.62,63.9136,0.6565462070913374
2022-09-07,6214.19,5697.67,63.9025,0.6555555802235885
2022-09-08,6213.9,5698.59,63.9,0.017043845527871082
2022-09-09,6213.04,5698.85,63.8965,0.7503169719683893
2022-09-13,6210.94,5699.49,63.8899,0.4841147980822306
2022-09-14,6211.95,5700.67,63.9057,0.5619322049008839
2022-09-15,6210.75,5700.0,63.8951,0.7556511174534472
2022-09-16,6210.22,5700.75,63.9036,0.2110103713393787
2022-09-19,6208.86,5701.15,63.9163,0.5766565031878067
2022-09-20,6032.96,5516.245,62.2563,0.618608690663363
2022-09-21,6032.555,5515.78,62.2406,0.44927738844424603
2022-09-22,6033.305,5514.725,62.22815,0.9495464046044199
2022-09-23,6035.385,5515.9,62.2397,0.49205753659391893
2022-09-26,6032.94,5515.615,62.2522,0.7211251999784624
2022-09-27,6105.655,5588.3,62.9901,0.44162320463930155
2022-09-28,6107.26,5588.12,63.00725,0.6545581051840208
2022-09-29,6152.51,5632.42,63.44965,0.7269483887197271
2022-09-30,6156.06,5634.015,63.465,0.7842635944241229
2022-10-08,5860.66,5339.23,60.5194,0.7486575950597968
2022-10-09,5862.95,5338.54,60.5114,0.23505828364236825
2022-10-10,5864.1,5340.51,60.5114,0.8748183451662155
2022-10-11,5922.44,5401.75,61.1133,0.4006770340701872
2022-10-12,5993.25,5473.53,61.83,0.5505979412442508
2022-10-13,6259.09,5741.34,64.4976,0.717314884456429
2022-10-14,6536.03,6020.37,67.2662,0.7356066132148243
2022-10-17,6866.59,6352.03,70.5694,0.4697329522193163
2022-10-18,7167.49,6653.01,73.5772,0.6660710258916008
2022-10-19,7481.9,6965.53,76.7101,0.7556413450606987
2022-10-20,7727.49,7210.23,79.1657,0.998051940939011
2022-10-21,8061.5,7545.25,82.515,0.5322595531772476
2022-10-24,8469.66,7952.47,86.5943,0.9595752933650693
2022-10-25,8497.91,7980.78,86.906,0.7052540652955489
2022-10-26,8527.92,8006.88,87.1856,0.5033158727206637
2022-10-27,8899.69,8378.63,90.9023,0.5330342840910531
2022-10-28,9289.92,8767.88,94.784,0.460707423328699
2022-10-31,9768.98,9244.96,99.5523,0.5721048252377954
2022-11-01,9803.87,9278.87,99.9105,0.45170771645602226
2022-11-02,10232.75,9477.76,104.1984,0.5489596791714122
2022-11-03,10680.94,9925.94,108.6794,0.5822208332330988
2022-11-04,11145.91,10389.97,113.3389,0.6370258771859211
2022-11-07,11717.91,10962.17,119.0682,0.768558959220288
2022-11-08,12234.14,11478.58,124.2609,0.9059036310611379
2022-11-09,12273.12,11519.44,124.6892,0.7335641450034615
2022-11-10,12814.62,12063.77,130.1539,0.41773838588075013
2022-11-11,12862.68,12108.21,130.6568,0.5095746044850055
2022-11-14,13002.2,12252.44,132.242,0.6114274793537581
2022-11-15,13042.68,12285.81,132.7268,0.7221356881555231
2022-11-16,13071.49,12317.92,133.1349,0.700377634072035
2022-11-17,13669.3,12906.3,139.0953,0.7231818467110607
2022-11-18,14298.9,13528.56,145.319,0.6155781891787716
2022-11-21,14471.6,13697.79,147.014,0.9777572635628891
2022-11-22,15139.27,14362.69,153.6927,0.7352605006698695
2022-11-23,15085.98,14305.485,153.1098,0.5460472522102346
2022-11-24,14036.115,13252.72,142.56775,0.5506622009974247
2022-11-25,10067.165,9286.8,102.9086,0.618419090481453
2022-11-28,8958.11,8184.87,91.83105,0.5163492944098073
2022-11-29,5437.275,4660.375,56.64395,0.5908117728596716
2022-11-30,4626.92,3846.415,48.5518,0.5289210717710979
2022-12-01,3856.565,3071.27,40.8635,0.8075633126086937
2022-12-02,3866.585,3080.38,40.94585,0.42347253801853424
2022-12-05,3849.14,3065.395,40.75805,0.5405034012648996
2022-12-06,3847.195,3063.72,40.75535,0.6905867174585683
2022-12-07,3821.005,3030.4,40.58005,0.5888760055979895
2022-12-08,3835.125,3040.58,40.72125,0.6343639099600784
2022-12-09,3479.57,2680.725,37.2253,0.601342436172043
2022-12-12,3502.885,2695.585,37.47,0.7994191346341609
2022-12-13,3464.96,2663.44,37.1222,0.4733013627956928
2022-12-14,3480.885,2676.24,37.25255,0.57730616871816
2022-12-15,3689.36,2880.99,39.3326,0.48875877313933735
2022-12-16,3657.155,2841.93,39.073,0.9647273679753442
2022-12-19,3686.555,2868.075,39.3374,0.7001778875034668
2022-12-20,3415.615,2606.125,36.6077,0.6274522848732078
2022-12-21,3254.085,2445.54,34.9714,0.26819439887087737
2022-12-22,3232.05,2420.355,34.7305,0.38039340065087374
2022-12-23,3200.425,2379.275,34.3347,0.8487318380147121
2022-12-26,3191.895,2372.07,34.26165,0.45797086260683845
2022-12-27,3133.61,2319.49,33.7794,0.599283945787126
2022-12-28,3121.66,2322.07,33.4975,0.801156715779203
2022-12-29,3077.15,2260.28,32.9734,0.7670187854705472
2022-12-30,3097.28,2277.98,33.0942,0.5
2023-01-03,3142.95,2332.17,33.5879,0.4233115185448719
2023-01-04,2735.12,1923.97,29.4444,0.7078184194038725
2023-01-05,2669.94,1868.46,28.8704,0.6676259805007845
2023-01-06,2616.18,1811.385,28.4356,0.8277410924570726
2023-01-09,2588.41,1786.345,28.15865,0.7742302569561585
2023-01-10,2590.1,1792.785,28.2399,0.6609968697885101
2023-01-11,2535.88,1737.205,27.6485,0.2166743702296469
2023-01-12,2197.355,1397.09,24.23,0.45156098247692866
2023-01-13,1893.085,1090.535,21.22125,0.6952624025921526
2023-01-16,1855.6,1053.9,20.89355,0.5696500956842213
2023-01-17,1614.295,817.24,18.4309,0.5310411730098743
2023-01-18,1317.445,512.335,15.54345,0.4920926567501267
2023-01-19,1273.935,468.205,15.09265,0.9894515741720038
2023-01-20,1274.135,469.085,15.0841,0.9313602992204649
2023-01-28,1274.31,468.355,15.07615,0.8629298507588525
2023-01-29,1274.335,468.85,15.06045,0.9884937287888957
2023-01-30,1274.89,470.045,15.0648,0.5437825742989663
2023-01-31,1403.3,596.61,16.3678,0.6198120261689748
2023-02-01,1399.23,596.48,16.3463,0.4198974790087547
2023-02-02,1416.24,619.22,16.4425,0.703365824314852
2023-02-03,1459.87,666.89,16.8385,0.6562352891935044
2023-02-06,1471.88,666.53,17.1485,0.7049973811782733
2023-02-07,1643.02,847.47,18.7579,0.771215903170943
2023-02-08,1645.69,851.57,18.7882,0.9172826585986356
2023-02-09,1808.56,1012.1,20.3965,0.6116266644538721
2023-02-10,1808.03,1013.97,20.3909,0.714281280304866
2023-02-13,1803.6,1012.96,20.3656,0.5596681223738154
2023-02-14,1802.38,1015.07,20.3531,0.5445672626677023
2023-02-15,1802.32,1018.13,20.3622,0.734177539936772
2023-02-16,1969.04,1192.18,22.0462,0.9111988416999401
2023-02-17,1966.5,1195.67,22.045,0.7383894410238026
2023-02-20,1962.48,1196.23,22.0421,0.7304615509151414
2023-02-21,1960.47,1197.07,22.057,0.766733895762693
2023-02-22,2060.8,1292.45,22.9972,0.08954273199018437
2023-02-23,2263.97,1496.97,25.0697,0.5316412273586112
2023-02-24,2261.13,1495.44,25.0582,0.567342729452473
2023-02-27,2196.74,1431.64,24.4111,0.8110935764910698
2023-02-28,2083.05,1315.05,23.3059,0.7661026832314037
2023-03-01,2081.83,1312.7,23.2888,0.6196325019881352
2023-03-02,2079.49,1307.72,23.2635,0.8944135160245134
2023-03-03,2078.6,1306.19,23.2397,0.46004437340578347
2023-03-06,2077.76,1307.57,23.2468,0.5299080417533448
2023-03-07,2071.15,1304.89,23.2374,0.9873601025577063
2023-03-08,2030.79,1267.17,22.6832,0.35134771776946333
2023-03-09,2029.36,1266.55,22.6763,0.5115118540350045
2023-03-10,2027.82,1265.16,22.6601,0.6911691005371934
2023-03-13,2027.02,1267.29,22.667,0.5329309325557339
2023-03-14,2026.51,1265.77,22.6527,0.998912050269633
2023-03-15,2027.51,1265.86,22.6632,0.7495458756555293
2023-03-16,2075.415,1313.525,23.1722,0.7959993131120437
2023-03-17,2039.525,1278.2,22.84255,0.6898043275176173
2023-03-20,2040.125,1279.415,22.81995,0.5368507610683831
2023-03-21,2072.97,1312.97,23.10475,0.9912929079829478
2023-03-22,2074.125,1311.755,23.10745,0.8938726123448836
2023-03-23,2075.55,1312.33,23.106,0.978444109316589
2023-03-24,2134.095,1373.095,23.68275,0.7747890916885979
2023-03-27,2148.14,1384.14,23.833,0.42519087050524657
2023-03-28,2146.71,1383.56,23.825,0.7237945616384874
2023-03-29,2340.73,1576.44,25.7531,0.9668526591500112
2023-03-30,2342.09,1577.09,25.7605,0.8014404560371667
2023-03-31,2345.63,1579.01,25.7429,0.7048488384602356
2023-04-03,2175.46,1410.46,24.073,0.6037222690289457
2023-04-04,2196.615,1432.26,24.26725,0.8738280595023606
2023-04-06,2194.84,1432.215,24.26465,0.8086188746349682
2023-04-07,2185.585,1421.08,24.2119,0.27867717350241417
2023-04-10,2185.465,1422.485,24.20775,0.7927165565623879
2023-04-11,2185.045,1422.715,24.2057,0.7288774227065725
2023-04-12,2183.66,1421.85,24.191,0.6976438860790225
2023-04-13,2183.36,1421.225,24.1904,0.9104902016597486
2023-04-14,2184.1,1422.96,24.2052,0.8495888048713411
2023-04-17,2169.56,1411.71,24.0349,0.52500986238404
2023-04-18,2171.43,1411.52,24.0424,0.9997381310150059
2023-04-19,2170.45,1410.88,24.0253,0.7116611449507287
2023-04-20,2175.6,1415.08,24.0319,0.8196681253998598
2023-04-21,2173.58,1414.58,24.0206,0.9964712673839067
2023-04-23,2174.64,1414.77,24.0203,0.7646847819550765
2023-04-24,2171.89,1412.0,24.0125,0.967629651712554
2023-04-25,2170.79,1411.69,24.0016,0.5201366053092276
2023-04-26,2172.64,1411.73,24.0093,0.9503191377123764
2023-04-27,2175.72,1411.8,24.0126,0.4437408230110488
2023-04-28,2176.73,1412.01,23.9996,0.5393969373946369
2023-05-04,2177.0,1412.01,23.9736,0.5754260196669155
2023-05-05,2185.74,1421.74,24.1145,0.3103485751168725
2023-05-06,2186.355,1422.27,24.1169,0.8908988755555043
2023-05-08,2187.82,1422.605,24.12065,0.7581712479767345
2023-05-09,2187.8,1422.885,24.10145,0.6712714061428211
2023-05-10,1161.925,748.33,13.94615,0.6404238603004809
2023-05-11,1164.785,747.515,13.93005,0.7504506635374395
2023-05-12,1163.735,748.505,13.92415,0.6670606137742842
2023-05-15,1158.985,747.695,13.9055,0.46475433868908395
2023-05-16,1255.88,847.795,14.932,0.6302525334582939
2023-05-17,1254.45,848.24,14.93215,0.6946363226805813
2023-05-18,1254.27,847.935,14.9299,0.7956302650700765
2023-05-19,1255.77,847.055,14.91765,0.6399628035135986
2023-05-22,146.6,85.34,3.948,0.5291850993395323
2023-05-23,146.56,84.79,3.9274,0.5977475661262474
2023-05-24,145.22,84.85,3.9298,0.6634406584360377
2023-05-25,144.98,85.38,3.9271,0.73497250009315
2023-05-26,145.2,84.54,3.9391,0.7406501530480971
2023-05-29,147.85,85.08,3.9392,0.9389688652343379
2023-05-30,147.51,85.05,3.9329,0.8023093658728563
2023-05-31,156.21,89.84,3.9881,0.8745503713609858
2023-06-01,157.36,89.6,3.9851,0.6267495903054061
2023-06-02,156.69,90.24,3.9939,0.9541752380746569
2023-06-05,156.57,90.39,3.9762,0.8068657736648968
2023-06-06,158.91,89.75,3.9694,0.8752634410017743
2023-06-07,158.91,90.09,3.9647,0.1365405402739729
2023-06-08,158.75,89.69,3.9728,0.7277930459372026
2023-06-09,158.42,90.2,3.9538,0.7876402836687406
2023-06-12,157.92,89.89,3.9526,0.4841196970833224
2023-06-13,158.15,89.58,3.9301,0.5223686599427526
2023-06-14,157.9,89.39,3.922,0.931259189919751
2023-06-15,155.65,89.69,3.9346,0.7857036969446938
2023-06-16,157.46,89.5,3.9724,0.8982477774381031
2023-06-19,154.72,90.3,3.95705,0.6146849596882807
2023-06-20,156.07,90.18,3.95485,0.3735845450596685
2023-06-21,156.545,90.0,3.94235,0.7637619545494039
2023-06-25,157.24,89.94,3.93755,0.9999962010273007
2023-06-26,156.225,90.07,3.93825,0.9715672037668949
2023-06-27,157.295,89.61,3.9505,0.8017132525226932
2023-06-28,159.225,89.63,3.9463,0.5652071817827881
2023-06-29,160.78,90.11,3.94215,0.5196432367014667
2023-06-30,161.36,89.8,3.92305,0.5605157617368702
2023-07-03,160.405,89.67,3.91545,0.7197264666532823
2023-07-04,160.825,89.33,3.91175,0.5008548106159674
2023-07-05,160.49,89.86,3.898,0.6856287269715413
2023-07-06,159.54,89.99,3.8865,0.6874707585119717
2023-07-07,159.825,89.74,3.8797,0.4866756093036898
2023-07-10,159.31,89.54,3.9157,0.9848298403848562
2023-07-11,157.63,89.53,3.9087,0.67172091648863
2023-07-12,158.12,89.08,3.9134,0.7460019381236609
2023-07-13,157.2,89.29,3.914,0.6229248481515064
2023-07-14,157.22,89.36,3.914,0.5486950541271164
2023-07-17,156.86,89.64,3.9043,0.8380446630539709
2023-07-18,157.47,89.15,3.8902,0.7313198930257028
2023-07-19,157.48,89.52,3.8901,0.6126237419521143
2023-07-20,155.77,89.8,3.8728,0.536455974583341
2023-07-21,156.48,89.37,3.864,0.7097506078711834
2023-07-24,156.63,89.47,3.8648,0.5675111779538999
2023-07-25,152.71,89.7,3.9011,0.5466251131214498
2023-07-26,157.21,89.98,3.9216,0.5227652248546774
2023-07-27,158.35,90.03,3.907,0.795457315854694
2023-07-28,158.46,90.05,3.9121,0.804046665617513
2023-07-31,157.72,90.09,3.923,0.5600057097021812
2023-08-01,157.76,90.17,3.9134,0.5971607849245636
2023-08-02,157.76,89.98,3.8996,0.6196779301123823
2023-08-03,159.29,89.78,3.8891,0.4312242960122205
2023-08-04,157.03,89.8,3.8736,0.7085858201763915
2023-08-07,164.19,89.72,3.9486,0.7081428477446584
2023-08-08,161.79,87.17,3.9304,0.6922194097426106
2023-08-09,161.78,87.28,3.9238,0.7980900268981062
2023-08-10,156.315,87.125,3.86275,0.6851135316011359
2023-08-11,156.955,87.475,3.86395,0.6953764520266966
2023-08-14,156.455,87.285,3.8481,0.672641604558846
2023-08-15,155.405,87.325,3.81735,0.8436677155664644
2023-08-16,154.66,86.8,3.7996,0.7098336042457883
2023-08-17,152.835,87.27,3.7811,0.5164956893315628
2023-08-18,151.42,86.68,3.7644,0.6457273207396166
2023-08-21,165.98,99.81,3.90495,0.7142001258574776
2023-08-22,164.695,99.04,3.90195,0.2769892843462533
2023-08-23,164.265,99.28,3.89745,0.7509257575983356
2023-08-24,163.845,99.79,3.89305,0.6567860123486542
2023-08-25,162.46,99.52,3.899,0.5500402271490041
2023-08-28,160.92,99.34,3.903,0.7613346219638006
2023-08-29,161.945,99.48,3.93305,0.6705202146677148
2023-08-30,163.295,99.25,3.9183,0.5846535225118181
